{
  "project": {
    "version": "1.0.0-beta.24",
    "name": "material-angular-io"
  },
  "apps": [
    {
      "root": "src",
      "outDir": "dist",
      "assets": [
        "assets",
        "favicon.ico"
      ],
      "index": "index.html",
      "main": "main.ts",
      "test": "test.ts",
      "tsconfig": "tsconfig.json",
      "prefix": "app",
      "serviceWorker": true,
      "styles": [
        "main.scss",
        "highlightjs/material-light.css",
        {"input": "assets/pink-bluegrey.css", "lazy": true},
        {"input": "assets/deeppurple-amber.css", "lazy": true},
        {"input": "assets/indigo-pink.css", "lazy": true},
        {"input": "assets/purple-green.css", "lazy": true}
      ],
      "scripts": [],
      "environmentSource": "environments/environment.ts",
      "environments": {
        "source": "environments/environment.ts",
        "dev": "environments/environment.ts",
        "prod": "environments/environment.prod.ts"
      }
    }
  ],
  "addons": [],
  "packages": [],
  "e2e": {
    "protractor": {
      "config": "./protractor.conf.js"
    }
  },
  "test": {
    "karma": {
      "config": "./karma.conf.js"
    }
  },
  "defaults": {
    "styleExt": "css",
    "prefixInterfaces": false,
    "inline": {
      "style": false,
      "template": false
    },
    "spec": {
      "class": false,
      "component": true,
      "directive": true,
      "module": false,
      "pipe": true,
      "service": true
    }
  }
}
